{
  "actual": {
    "flex_optimal_C_V": 30.0,
    "flex_optimal_industry_revenue": 24418.629884923823,
    "flex_optimal_n_M": 199.0,
    "flex_optimal_n_V": 1594.0,
    "flex_optimal_p_M": 94.99070038286219,
    "flex_optimal_p_V": 3.4601508837730535,
    "flex_optimal_served": 1793.0,
    "flex_optimal_unserved_share": 0.10350000000000004,
    "market_optimal_C_V": 75.0,
    "market_optimal_industry_revenue": 24008.924105487764,
    "market_optimal_n_M": 199.0,
    "market_optimal_n_V": 1801.0,
    "market_optimal_p_M": 83.05849181446901,
    "market_optimal_p_V": 4.153406015773697,
    "monopoly_price": 106.80000000000001,
    "monopoly_revenue": 21319.524504033932
  },
  "claims": {
    "flex_optimal_C_V": 350.0,
    "flex_optimal_p_M": 60.0,
    "flex_optimal_p_V": 10.0,
    "flex_optimal_served": 1266.0,
    "flex_optimal_unserved_share": 0.37,
    "market_optimal_C_V": 100.0,
    "market_optimal_p_M": 80.0,
    "market_optimal_p_V": 5.0,
    "monopoly_revenue": 21300.0
  },
  "errors": {
    "flex_optimal_C_V": -320.0,
    "flex_optimal_p_M": 34.99070038286219,
    "flex_optimal_p_V": -6.5398491162269465,
    "flex_optimal_served": 527.0,
    "flex_optimal_unserved_share": -0.26649999999999996,
    "market_optimal_C_V": -25.0,
    "market_optimal_p_M": 3.058491814469008,
    "market_optimal_p_V": -0.8465939842263026,
    "monopoly_revenue": 19.524504033932317
  }
}