{
  "0.01": {
    "critical_price": 118.61632918473211,
    "optimal_price": 106.80000000000001,
    "optimal_revenue": 21319.524504033932,
    "optimal_subscribers": 199.62101595537388,
    "optimal_target_rate": 500.94925888141665
  },
  "0.1": {
    "critical_price": 119.43875599820765,
    "optimal_price": 72.35000000000001,
    "optimal_revenue": 14426.905190534348,
    "optimal_subscribers": 199.40435646903035,
    "optimal_target_rate": 50.14935569651462
  }
}