{
  "critical_price": 118.61632918473211,
  "optimal_price": 106.80000000000001,
  "optimal_revenue": 21319.524504033932,
  "optimal_subscribers": 199.62101595537388,
  "optimal_target_rate": 500.94925888141665
}