{
  "flexible": {
    "local_capacity_best": {
      "C_V": 28.0,
      "best_R_MV": 23367.396786807487,
      "best_R_V_retained": 1034.5939027275813,
      "best_R_V_subscriber": 5345.939027275812,
      "best_R_industry_net": 24401.990689535065,
      "best_method": "default:least_squares",
      "best_n_M": 199.0,
      "best_n_V": 1568.0,
      "best_p_M": 95.75905357919224,
      "best_p_V": 3.4093998898442677,
      "best_r_M": 488.4422110552764,
      "best_r_V": 1.7857142857142858,
      "best_residual_inf": 2.2737367544323206e-13
    },
    "local_capacity_window": [
      18,
      38
    ],
    "local_exact_nV_best": {
      "R_MV": 23367.396786807487,
      "R_V_subscriber": 5345.939027275812,
      "n_M": 199.0,
      "n_V": 1568.0,
      "p_M": 95.75905357919224,
      "p_V": 3.4093998898442677,
      "residual_inf": 2.2737367544323206e-13
    },
    "local_exact_nV_window": [
      1548,
      1588
    ],
    "local_nM_best": {
      "best_R_MV": 23367.396786807487,
      "best_R_V_subscriber": 5345.939027275812,
      "best_p_M": 95.75905357919224,
      "best_p_V": 3.4093998898442677,
      "best_residual_inf": 2.2737367544323206e-13,
      "n_M": 199.0,
      "n_V": 1568.0
    },
    "reported_best": {
      "C_V": 28.0,
      "best_R_MV": 23367.396786807487,
      "best_R_V_retained": 1034.5939027275813,
      "best_R_V_subscriber": 5345.939027275812,
      "best_R_industry_net": 24401.990689535065,
      "best_method": "default:least_squares",
      "best_n_M": 199.0,
      "best_n_V": 1568.0,
      "best_p_M": 95.75905357919224,
      "best_p_V": 3.4093998898442677,
      "best_r_M": 488.4422110552764,
      "best_r_V": 1.7857142857142858,
      "best_residual_inf": 2.2737367544323206e-13
    },
    "root_attempt_count": 8,
    "root_restart_rows": [
      {
        "method": "default:root.hybr",
        "p_M": 95.75905357919224,
        "p_V": 3.4093998898442677,
        "residual_inf": 2.2737367544323206e-13,
        "start_p_M": 95.75905357919224,
        "start_p_V": 3.4093998898442677
      },
      {
        "method": "default:least_squares",
        "p_M": 95.75905357919225,
        "p_V": 3.409399889844268,
        "residual_inf": 4.547473508864641e-13,
        "start_p_M": 76.60724286335379,
        "start_p_V": 3.4093998898442677
      },
      {
        "method": "default:least_squares",
        "p_M": 95.75905357919225,
        "p_V": 3.409399889844268,
        "residual_inf": 4.547473508864641e-13,
        "start_p_M": 95.75905357919224,
        "start_p_V": 4.091279867813121
      },
      {
        "method": "default:least_squares",
        "p_M": 95.75905357919225,
        "p_V": 3.409399889844268,
        "residual_inf": 4.547473508864641e-13,
        "start_p_M": 20.0,
        "start_p_V": 5.0
      },
      {
        "method": "default:least_squares",
        "p_M": 95.75905357919225,
        "p_V": 3.409399889844268,
        "residual_inf": 4.547473508864641e-13,
        "start_p_M": 60.0,
        "start_p_V": 10.0
      },
      {
        "method": "default:least_squares",
        "p_M": 95.75905357919225,
        "p_V": 3.409399889844268,
        "residual_inf": 4.547473508864641e-13,
        "start_p_M": 1.0,
        "start_p_V": 1.0
      },
      {
        "method": "default:least_squares",
        "p_M": 95.75905357919225,
        "p_V": 3.409399889844268,
        "residual_inf": 4.547473508864641e-13,
        "start_p_M": 100.0,
        "start_p_V": 20.0
      },
      {
        "method": "default:least_squares",
        "p_M": 95.75905357919225,
        "p_V": 3.409399889844268,
        "residual_inf": 4.547473508864641e-13,
        "start_p_M": 5.0,
        "start_p_V": 1.0
      }
    ],
    "root_solution_clusters": [
      {
        "count": 8,
        "representative_p_M": 95.75905357919224,
        "representative_p_V": 3.4093998898442677
      }
    ],
    "root_success_count": 8,
    "root_success_rate": 1.0
  },
  "market_clearing": {
    "local_best": {
      "C_V": 76.0,
      "best_R_MV": 22798.47986811516,
      "best_R_V_retained": 1255.9799745664388,
      "best_R_V_subscriber": 7559.799745664388,
      "best_R_industry_net": 24054.4598426816,
      "best_n_M": 199.0,
      "best_n_V": 1801.0,
      "best_p_M": 82.88773918099102,
      "best_p_V": 4.1975567716071005,
      "best_r_M": 464.321608040201,
      "best_r_V": 4.21987784564131,
      "best_residual": 4.547473508864641e-13
    },
    "local_capacity_window": [
      66,
      86
    ],
    "reported_best": {
      "C_V": 76.0,
      "best_R_MV": 22798.47986811516,
      "best_R_V_retained": 1255.9799745664388,
      "best_R_V_subscriber": 7559.799745664388,
      "best_R_industry_net": 24054.4598426816,
      "best_n_M": 199.0,
      "best_n_V": 1801.0,
      "best_p_M": 82.88773918099102,
      "best_p_V": 4.1975567716071005,
      "best_r_M": 464.321608040201,
      "best_r_V": 4.21987784564131,
      "best_residual": 4.547473508864641e-13
    },
    "reported_matches_local_best": true
  },
  "monopoly": {
    "exact_optimum": {
      "critical_price": 118.61632918473211,
      "grid_optimal_price": 106.80000000000001,
      "grid_optimal_revenue": 21319.524504033932,
      "grid_optimal_subscribers": 199.62101595537388,
      "grid_optimal_target_rate": 500.94925888141665,
      "optimal_price": 106.77900329046938,
      "optimal_revenue": 21319.718960790975,
      "optimal_subscribers": 199.6620899597204,
      "optimal_target_rate": 500.84620480619975,
      "optimizer_method": "scipy.optimize.minimize_scalar(method='bounded')",
      "optimizer_nfev": 18,
      "optimizer_success": true
    },
    "grid_vs_exact_price_gap": -0.02099670953063537,
    "grid_vs_exact_revenue_gap": 0.1944567570426443
  },
  "paper_table_alignment": {
    "group_parameter_differences": [
      {
        "differences": {
          "N": 0.0,
          "alpha": 0.0,
          "beta": 0.0,
          "epsilon.mu": 0.0,
          "epsilon.sigma": 0.0,
          "epsilon_M.mu": 0.0,
          "epsilon_M.sigma": 0.0,
          "epsilon_V.mu": 0.0,
          "epsilon_V.sigma": 0.0
        },
        "group_index": 1
      },
      {
        "differences": {
          "N": 0.0,
          "alpha": 0.0,
          "beta": 0.0,
          "epsilon.mu": 0.0,
          "epsilon.sigma": 0.0,
          "epsilon_M.mu": 0.0,
          "epsilon_M.sigma": 0.0,
          "epsilon_V.mu": 0.0,
          "epsilon_V.sigma": 0.0
        },
        "group_index": 2
      },
      {
        "differences": {
          "N": 0.0,
          "alpha": 0.0,
          "beta": 0.0,
          "epsilon.mu": 0.0,
          "epsilon.sigma": 0.0,
          "epsilon_M.mu": 0.0,
          "epsilon_M.sigma": 0.0,
          "epsilon_V.mu": 0.0,
          "epsilon_V.sigma": 0.0
        },
        "group_index": 3
      },
      {
        "differences": {
          "N": 0.0,
          "alpha": 0.0,
          "beta": 0.0,
          "epsilon.mu": 0.0,
          "epsilon.sigma": 0.0,
          "epsilon_M.mu": 0.0,
          "epsilon_M.sigma": 0.0,
          "epsilon_V.mu": 0.0,
          "epsilon_V.sigma": 0.0
        },
        "group_index": 4
      }
    ],
    "matches_paper_simulation_table": false,
    "scalar_parameter_differences": {
      "C": 0.0,
      "delta": -0.09000000000000001,
      "lambda": 0.0,
      "pi_V": 0.0,
      "zeta": 0.0
    }
  },
  "verdict": {
    "flex_local_capacity_certified": true,
    "flex_local_nM_certified": true,
    "flex_local_nV_certified": true,
    "flex_root_restarts_certified": true,
    "market_local_capacity_certified": true,
    "matches_paper_simulation_table": false,
    "monopoly_exact_optimizer_used": true
  }
}