{
  "config_name": "paper_figures_consistent",
  "flex_best": {
    "C_V": 28.0,
    "best_R_MV": 23367.396786807487,
    "best_R_V_retained": 1034.5939027275813,
    "best_R_V_subscriber": 5345.939027275812,
    "best_R_industry_net": 24401.990689535065,
    "best_method": "default:least_squares",
    "best_n_M": 199.0,
    "best_n_V": 1568.0,
    "best_p_M": 95.75905357919224,
    "best_p_V": 3.4093998898442677,
    "best_r_M": 488.4422110552764,
    "best_r_V": 1.7857142857142858,
    "best_residual_inf": 2.2737367544323206e-13
  },
  "market_best": {
    "C_V": 76.0,
    "best_R_MV": 22798.47986811516,
    "best_R_V_retained": 1255.9799745664388,
    "best_R_V_subscriber": 7559.799745664388,
    "best_R_industry_net": 24054.4598426816,
    "best_n_M": 199.0,
    "best_n_V": 1801.0,
    "best_p_M": 82.88773918099102,
    "best_p_V": 4.1975567716071005,
    "best_r_M": 464.321608040201,
    "best_r_V": 4.21987784564131,
    "best_residual": 4.547473508864641e-13
  },
  "monopoly_optimum": {
    "critical_price": 118.61632918473211,
    "grid_optimal_price": 106.80000000000001,
    "grid_optimal_revenue": 21319.524504033932,
    "grid_optimal_subscribers": 199.62101595537388,
    "grid_optimal_target_rate": 500.94925888141665,
    "optimal_price": 106.77900329046938,
    "optimal_revenue": 21319.718960790975,
    "optimal_subscribers": 199.6620899597204,
    "optimal_target_rate": 500.84620480619975,
    "optimizer_method": "scipy.optimize.minimize_scalar(method='bounded')",
    "optimizer_nfev": 18,
    "optimizer_success": true
  },
  "output_root": "/home/rsadve1/scratch/CapacityLease_20260311/outputs/paper_figures_consistent"
}