{
  "critical_price": 118.61632918473211,
  "optimal_price": 107.0,
  "optimal_revenue": 21295.73412976682,
  "optimal_subscribers": 199.02555261464317,
  "optimal_target_rate": 502.4480459231372
}