{
  "config_name": "smoke_test",
  "flex_best": {
    "C_V": 50.0,
    "best_R_MV": 22670.519889592215,
    "best_R_V_retained": 1173.3581219187447,
    "best_R_V_subscriber": 6733.581219187447,
    "best_R_industry_net": 23843.87801151096,
    "best_method": "least_squares",
    "best_n_M": 190.0,
    "best_n_V": 1734.0,
    "best_p_M": 90.05419364380796,
    "best_p_V": 3.8832648322880314,
    "best_r_M": 499.99999999999994,
    "best_r_V": 2.883506343713956,
    "best_residual_inf": 2.2737367544323206e-13
  },
  "market_best": {
    "C_V": 100.0,
    "best_R_MV": 22417.673984597313,
    "best_R_V_retained": 1307.1376439152455,
    "best_R_V_subscriber": 8071.376439152453,
    "best_R_industry_net": 23724.811628512558,
    "best_n_M": 199.0,
    "best_n_V": 1801.0,
    "best_p_M": 78.660478338493,
    "best_p_V": 4.4816082393961425,
    "best_r_M": 452.2613065326633,
    "best_r_V": 5.5524708495280395,
    "best_residual": 2.2737367544323206e-13
  },
  "monopoly_optimum": {
    "critical_price": 118.61632918473211,
    "optimal_price": 107.0,
    "optimal_revenue": 21295.73412976682,
    "optimal_subscribers": 199.02555261464317,
    "optimal_target_rate": 502.4480459231372
  },
  "output_root": "/home/rsadve1/scratch/CapacityLease_20260311/outputs/smoke_test"
}