{
  "critical_price": 119.43875599820765,
  "grid_optimal_price": 72.35000000000001,
  "grid_optimal_revenue": 14426.905190534348,
  "grid_optimal_subscribers": 199.40435646903035,
  "grid_optimal_target_rate": 50.14935569651462,
  "optimal_price": 72.3398152592349,
  "optimal_revenue": 14426.941532580156,
  "optimal_subscribers": 199.43293303805353,
  "optimal_target_rate": 50.142169839581676,
  "optimizer_method": "scipy.optimize.minimize_scalar(method='bounded')",
  "optimizer_nfev": 16,
  "optimizer_success": true
}