{
  "critical_price": 119.43875599820765,
  "optimal_price": 72.35000000000001,
  "optimal_revenue": 14426.905190534348,
  "optimal_subscribers": 199.40435646903035,
  "optimal_target_rate": 50.14935569651462
}