{
  "config_name": "paper_strict_text",
  "flex_best": {
    "C_V": 120.0,
    "best_R_MV": 16001.443997303355,
    "best_R_V_retained": 838.5603285382304,
    "best_R_V_subscriber": 3385.603285382304,
    "best_R_industry_net": 16840.004325841586,
    "best_method": "root.hybr",
    "best_n_M": 198.0,
    "best_n_V": 1189.0,
    "best_p_M": 67.95152040636002,
    "best_p_V": 2.847437582323216,
    "best_r_M": 44.44444444444444,
    "best_r_V": 1.0092514718250631,
    "best_residual_inf": 1.5916157281026244e-11
  },
  "market_best": {
    "C_V": 0.0,
    "best_R_MV": 14426.905190534348,
    "best_R_V_retained": 0.0,
    "best_R_V_subscriber": 0.0,
    "best_R_industry_net": 14426.905190534348,
    "best_n_M": 199.40435646903035,
    "best_n_V": 0.0,
    "best_p_M": 72.35000000000001,
    "best_p_V": NaN,
    "best_r_M": 50.14935569651462,
    "best_r_V": NaN,
    "best_residual": 0.0
  },
  "monopoly_optimum": {
    "critical_price": 119.43875599820765,
    "optimal_price": 72.35000000000001,
    "optimal_revenue": 14426.905190534348,
    "optimal_subscribers": 199.40435646903035,
    "optimal_target_rate": 50.14935569651462
  },
  "output_root": "/home/rsadve1/scratch/CapacityLease_20260311/outputs/paper_strict_text"
}